run_date,prediction_date,ticker,rank_bucket,agreement_status,suggested_action,reason,current_price,ensemble_score,ensemble_rank,ensemble_percentile,model_count,top_decile_model_count,top_5pct_model_count,best_model_score,best_model_percentile
2026-05-08T20:27:33Z,2026-05-07,WING,TOP_3_PERCENT,VERY STRONG (1/3 top-decile),WATCHLIST,Top decile but weak model agreement,134.88,0.5818623602390289,94,1.9689987431922915,3,1,1,0.7602589130401611,0.02094679514034353
2026-05-08T20:27:33Z,2026-05-07,ESGL,TOP_3_PERCENT,VERY STRONG (1/3 top-decile),WATCHLIST,Top decile but weak model agreement,2.13,0.5812027454376221,97,2.031839128613322,3,1,1,0.6148543357849121,1.1730205278592376
2026-05-08T20:27:33Z,2026-05-07,WNW,TOP_3_PERCENT,VERY STRONG (1/3 top-decile),WATCHLIST,Top decile but weak model agreement,3.67,0.580932100613912,101,2.1156263091746963,3,1,1,0.6135655045509338,0.795978215333054
2026-05-08T20:27:33Z,2026-05-07,OLOX,TOP_3_PERCENT,VERY STRONG (1/3 top-decile),WATCHLIST,Top decile but weak model agreement,4.576,0.5787887175877889,109,2.2832006702974446,3,1,1,0.6183881163597107,0.5236698785085881
2026-05-08T20:27:33Z,2026-05-07,BBGI,TOP_3_PERCENT,VERY STRONG (1/3 top-decile),WATCHLIST,Top decile but weak model agreement,17.46,0.5785150726636251,110,2.304147465437788,3,1,1,0.6162497997283936,1.235860913280268
2026-05-08T20:27:33Z,2026-05-07,AZI,TOP_3_PERCENT,VERY STRONG (1/3 top-decile),WATCHLIST,Top decile but weak model agreement,1.26,0.5784681439399719,111,2.3250942605781315,3,1,1,0.6233485341072083,1.5291160452450776
2026-05-08T20:27:33Z,2026-05-07,VTIX,TOP_5_PERCENT,WEAK (1/3 top-decile),WATCHLIST,Top decile but weak model agreement,3.97,0.5704634388287863,156,3.2677000418935904,3,1,1,0.7016676664352417,0.8378718056137411
2026-05-08T20:27:33Z,2026-05-07,AIFF,TOP_5_PERCENT,WEAK (1/3 top-decile),WATCHLIST,Top decile but weak model agreement,1.9,0.5702255566914877,157,3.2886468370339337,3,1,1,0.6086485981941223,1.6966904063678256
2026-05-08T20:27:33Z,2026-05-07,TMDX,TOP_5_PERCENT,WEAK (1/3 top-decile),WATCHLIST,Top decile but weak model agreement,72.9,0.5700870851675669,159,3.330540427314621,3,1,1,0.7536154389381409,0.08378718056137412
2026-05-08T20:27:33Z,2026-05-07,CDIO,TOP_5_PERCENT,WEAK (1/3 top-decile),WATCHLIST,Top decile but weak model agreement,1.81,0.5680203437805176,168,3.5190615835777126,3,1,1,0.6009613275527954,1.6757436112274822
2026-05-08T20:27:33Z,2026-05-07,JDZG,TOP_5_PERCENT,WEAK (1/3 top-decile),WATCHLIST,Top decile but weak model agreement,1.43,0.5676865776379904,171,3.5819019689987432,3,1,1,0.5957841873168945,0.7750314201927105
2026-05-08T20:27:33Z,2026-05-07,RMSG,TOP_5_PERCENT,WEAK (1/3 top-decile),WATCHLIST,Top decile but weak model agreement,1.79,0.5669429500897726,176,3.686635944700461,3,1,1,0.6074506640434265,0.7121910347716799
2026-05-08T20:27:33Z,2026-05-07,UI,TOP_5_PERCENT,WEAK (1/3 top-decile),WATCHLIST,Top decile but weak model agreement,926.69,0.5664239724477133,182,3.812316715542522,3,1,1,0.6875877380371094,1.6547968160871387
2026-05-08T20:27:33Z,2026-05-07,QNCX,TOP_5_PERCENT,WEAK (1/3 top-decile),WATCHLIST,Top decile but weak model agreement,1.3,0.5659259160359701,185,3.8751571009635524,3,1,1,0.5967618823051453,1.8433179723502304
2026-05-08T20:27:33Z,2026-05-07,ANGI,TOP_5_PERCENT,WEAK (1/3 top-decile),WATCHLIST,Top decile but weak model agreement,5.24,0.5655601521333059,187,3.9170506912442398,3,1,1,0.7163457870483398,0.397989107666527
2026-05-08T20:27:33Z,2026-05-07,BW,TOP_5_PERCENT,WEAK (1/3 top-decile),WATCHLIST,Top decile but weak model agreement,14.84,0.5631386935710907,205,4.294093003770423,3,1,1,0.7142987251281738,0.4398826979472141
2026-05-08T20:27:33Z,2026-05-07,TRDA,TOP_5_PERCENT,WEAK (1/3 top-decile),WATCHLIST,Top decile but weak model agreement,6.85,0.5629408756891886,209,4.377880184331797,3,1,1,0.6202203631401062,2.9953917050691246
2026-05-08T20:27:33Z,2026-05-07,FLS,TOP_5_PERCENT,WEAK (1/3 top-decile),WATCHLIST,Top decile but weak model agreement,71.54,0.5622787276903788,212,4.440720569752828,3,1,1,0.6971151232719421,0.2304147465437788
2026-05-08T20:27:33Z,2026-05-07,MKDW,TOP_5_PERCENT,WEAK (1/3 top-decile),WATCHLIST,Top decile but weak model agreement,7.365,0.561404307683309,217,4.545454545454546,3,1,1,0.6096706390380859,1.6338500209467952
2026-05-08T20:27:33Z,2026-05-07,RDAC,TOP_5_PERCENT,WEAK (1/3 top-decile),WATCHLIST,Top decile but weak model agreement,7.63,0.5612295468648275,218,4.566401340594889,3,1,1,0.59532231092453,1.4872224549643904
2026-05-08T20:27:33Z,2026-05-07,KVYO,TOP_5_PERCENT,WEAK (1/3 top-decile),WATCHLIST,Top decile but weak model agreement,15.77,0.5601498583952585,223,4.671135316296606,3,1,1,0.6757110953330994,2.429828236279849
2026-05-08T20:27:33Z,2026-05-07,JELD,TOP_5_PERCENT,WEAK (1/3 top-decile),WATCHLIST,Top decile but weak model agreement,1.69,0.5599997738997141,225,4.713028906577294,3,1,1,0.6724700927734375,2.8278173439463763
2026-05-08T20:27:33Z,2026-05-07,POET,TOP_5_PERCENT,WEAK (1/3 top-decile),WATCHLIST,Top decile but weak model agreement,9.58,0.559948742389679,227,4.754922496857981,3,1,1,0.6199948787689209,4.021784666945957
2026-05-08T20:27:33Z,2026-05-07,COKE,TOP_5_PERCENT,WEAK (1/3 top-decile),WATCHLIST,Top decile but weak model agreement,177.61,0.5597601334253947,229,4.796816087138668,3,1,1,0.7502992749214172,0.12568077084206117
2026-05-08T20:27:33Z,2026-05-07,FLY,TOP_5_PERCENT,WEAK (1/3 top-decile),WATCHLIST,Top decile but weak model agreement,32.36,0.55972753961881,230,4.817762882279012,3,1,1,0.7061535120010376,0.6702974444909929
2026-05-08T20:27:33Z,2026-05-07,GRCE,TOP_5_PERCENT,WEAK (1/3 top-decile),WATCHLIST,Top decile but weak model agreement,2.25,0.5595375696818033,232,4.859656472559698,3,1,0,0.6226598620414734,5.341432760787599
2026-05-08T20:27:33Z,2026-05-07,SITM,TOP_DECILE,WEAK (1/3 top-decile),WATCHLIST,Top decile but weak model agreement,797.31,0.5591948926448822,239,5.006284038542103,3,1,1,0.6631104946136475,3.896103896103896
2026-05-08T20:27:33Z,2026-05-07,LESL,TOP_DECILE,WEAK (1/3 top-decile),WATCHLIST,Top decile but weak model agreement,1.43,0.5588095088799795,240,5.027230833682447,3,1,1,0.6246334910392761,4.105571847507331
2026-05-08T20:27:33Z,2026-05-07,CHYM,TOP_DECILE,STRONG (2/3 top-decile),WATCHLIST,Top decile with 2/3 model agreement,19.01,0.5583726664384207,241,5.04817762882279,3,2,1,0.6748999357223511,2.3250942605781315
2026-05-08T20:27:33Z,2026-05-07,BIRD,TOP_DECILE,WEAK (1/3 top-decile),WATCHLIST,Top decile but weak model agreement,6.22,0.5582195123036703,242,5.0691244239631335,3,1,1,0.5935502052307129,1.4243820695433598
2026-05-08T20:27:33Z,2026-05-07,CTEV,TOP_DECILE,WEAK (1/3 top-decile),WATCHLIST,Top decile but weak model agreement,24.21,0.5581192572911581,243,5.090071219103478,3,1,1,0.6876969337463379,1.0054461667364893
2026-05-08T20:27:33Z,2026-05-07,ICHR,TOP_DECILE,STRONG (2/3 top-decile),WATCHLIST,Top decile with 2/3 model agreement,71.23,0.558114359776179,244,5.111018014243821,3,2,1,0.6802617907524109,1.822371177209887
2026-05-08T20:27:33Z,2026-05-07,ADTN,TOP_DECILE,STRONG (2/3 top-decile),WATCHLIST,Top decile with 2/3 model agreement,14.55,0.5577688614527384,245,5.131964809384164,3,2,1,0.6811401844024658,2.031839128613322
2026-05-08T20:27:33Z,2026-05-07,LDOS,TOP_DECILE,STRONG (2/3 top-decile),WATCHLIST,Top decile with 2/3 model agreement,131.26,0.5577582816282908,246,5.152911604524507,3,2,1,0.6782405376434326,2.0946795140343526
2026-05-08T20:27:33Z,2026-05-07,AEIS,TOP_DECILE,STRONG (2/3 top-decile),WATCHLIST,Top decile with 2/3 model agreement,351.94,0.557632178068161,247,5.1738583996648515,3,2,1,0.652819812297821,4.775869291998324
2026-05-08T20:27:33Z,2026-05-07,ZGM,TOP_DECILE,STRONG (2/3 top-decile),WATCHLIST,Top decile with 2/3 model agreement,2.88,0.5575803716977438,248,5.194805194805195,3,2,0,0.651200532913208,5.299539170506913
2026-05-08T20:27:33Z,2026-05-07,GPRO,TOP_DECILE,STRONG (2/3 top-decile),WATCHLIST,Top decile with 2/3 model agreement,1.39,0.5568269789218903,249,5.215751989945538,3,2,0,0.6289534568786621,5.1738583996648515
2026-05-08T20:27:33Z,2026-05-07,AKAN,TOP_DECILE,WEAK (1/3 top-decile),WATCHLIST,Top decile but weak model agreement,37.19,0.5567373434702555,250,5.236698785085882,3,1,1,0.5755369663238525,0.8169250104733976
2026-05-08T20:27:33Z,2026-05-07,DTCK,TOP_DECILE,WEAK (1/3 top-decile),WATCHLIST,Top decile but weak model agreement,1.0055,0.5566580096880595,251,5.257645580226225,3,1,1,0.604229211807251,1.864264767490574
2026-05-08T20:27:33Z,2026-05-07,REAL,TOP_DECILE,WEAK (1/3 top-decile),WATCHLIST,Top decile but weak model agreement,12.4,0.5565169056256613,252,5.278592375366569,3,1,1,0.6903218626976013,0.6702974444909929
2026-05-08T20:27:33Z,2026-05-07,AIRE,TOP_DECILE,STRONG (2/3 top-decile),WATCHLIST,Top decile with 2/3 model agreement,2.575,0.5562187333901724,253,5.299539170506913,3,2,0,0.6334314346313477,6.451612903225806
2026-05-08T20:27:33Z,2026-05-07,ODD,TOP_DECILE,STRONG (2/3 top-decile),WATCHLIST,Top decile with 2/3 model agreement,14.89,0.5561812321345011,254,5.320485965647256,3,2,0,0.6281271576881409,7.6036866359447
2026-05-08T20:27:33Z,2026-05-07,BZAI,TOP_DECILE,STRONG (2/3 top-decile),WATCHLIST,Top decile with 2/3 model agreement,1.83,0.5561727285385132,255,5.341432760787599,3,2,1,0.6323636770248413,4.39882697947214
2026-05-08T20:27:33Z,2026-05-07,HCTI,TOP_DECILE,STRONG (2/3 top-decile),WATCHLIST,Top decile with 2/3 model agreement,2.32,0.5561201969782511,256,5.3623795559279435,3,2,1,0.6871795654296875,1.0892333472978635
2026-05-08T20:27:33Z,2026-05-07,MSLE,TOP_DECILE,WEAK (1/3 top-decile),WATCHLIST,Top decile but weak model agreement,7.14,0.5559669633706411,257,5.383326351068287,3,1,1,0.659877598285675,4.168412232928362
2026-05-08T20:27:33Z,2026-05-07,JTAI,TOP_DECILE,WEAK (1/3 top-decile),WATCHLIST,Top decile but weak model agreement,7.555,0.5558806558450063,258,5.40427314620863,3,1,1,0.6114020943641663,4.063678257226644
2026-05-08T20:27:33Z,2026-05-07,SHLS,TOP_DECILE,STRONG (2/3 top-decile),WATCHLIST,Top decile with 2/3 model agreement,7.84,0.5555524031321207,259,5.425219941348973,3,2,0,0.6436324715614319,5.969836614997905
2026-05-08T20:27:33Z,2026-05-07,YYGH,TOP_DECILE,WEAK (1/3 top-decile),WATCHLIST,Top decile but weak model agreement,1.12,0.5555439392725626,260,5.446166736489317,3,1,1,0.6087917685508728,2.471721826560536
2026-05-08T20:27:33Z,2026-05-07,BAND,TOP_DECILE,WEAK (1/3 top-decile),WATCHLIST,Top decile but weak model agreement,48.58,0.554815004269282,261,5.467113531629661,3,1,1,0.6163455843925476,4.964390448261416
2026-05-08T20:27:33Z,2026-05-07,EFOR,TOP_DECILE,WEAK (1/3 top-decile),WATCHLIST,Top decile but weak model agreement,20.87,0.5547487239042918,262,5.488060326770004,3,1,0,0.6455820798873901,6.032677000418936
2026-05-08T20:27:33Z,2026-05-07,KLRS,TOP_DECILE,STRONG (2/3 top-decile),WATCHLIST,Top decile with 2/3 model agreement,5.15,0.5544425249099731,263,5.509007121910348,3,2,1,0.6507954001426697,4.922496857980729
2026-05-08T20:27:33Z,2026-05-07,UPXI,TOP_DECILE,STRONG (2/3 top-decile),WATCHLIST,Top decile with 2/3 model agreement,1.34,0.5542187392711639,264,5.529953917050691,3,2,1,0.6434866786003113,3.854210305823209
2026-05-08T20:27:33Z,2026-05-07,MODD,TOP_DECILE,STRONG (2/3 top-decile),WATCHLIST,Top decile with 2/3 model agreement,3.95,0.553982655207316,265,5.5509007121910345,3,2,0,0.6401410102844238,6.346878927524089
2026-05-08T20:27:33Z,2026-05-07,SEGG,TOP_DECILE,VERY STRONG (2/3 top-decile),WATCHLIST,Top decile with 2/3 model agreement,1.39,0.553894986708959,266,5.571847507331379,3,2,2,0.6595409512519836,3.665689149560117
2026-05-08T20:27:33Z,2026-05-07,ZNTL,TOP_DECILE,STRONG (2/3 top-decile),WATCHLIST,Top decile with 2/3 model agreement,4.23,0.5538049638271332,267,5.592794302471722,3,2,0,0.6373336911201477,5.488060326770004
2026-05-08T20:27:33Z,2026-05-07,UK,TOP_DECILE,WEAK (1/3 top-decile),WATCHLIST,Top decile but weak model agreement,3.28,0.5535529851913452,268,5.613741097612065,3,1,1,0.6058369278907776,0.6493506493506493
2026-05-08T20:27:33Z,2026-05-07,IAG,TOP_DECILE,WEAK (1/3 top-decile),WATCHLIST,Top decile but weak model agreement,18.34,0.5533436238765717,269,5.6346878927524084,3,1,1,0.6761714816093445,2.2413070800167576
2026-05-08T20:27:33Z,2026-05-07,BL,TOP_DECILE,STRONG (2/3 top-decile),WATCHLIST,Top decile with 2/3 model agreement,31.17,0.5532079637050629,270,5.655634687892753,3,2,1,0.6841121912002563,1.4034352744030163
2026-05-08T20:27:33Z,2026-05-07,HII,TOP_DECILE,STRONG (2/3 top-decile),WATCHLIST,Top decile with 2/3 model agreement,314.72,0.5532070597012838,271,5.676581483033096,3,2,0,0.6415108442306519,6.765814830330959
2026-05-08T20:27:33Z,2026-05-07,AMPL,TOP_DECILE,STRONG (2/3 top-decile),WATCHLIST,Top decile with 2/3 model agreement,5.91,0.5531685451666514,272,5.697528278173439,3,2,1,0.6700791120529175,3.100125680770842
2026-05-08T20:27:33Z,2026-05-07,NVTS,TOP_DECILE,STRONG (2/3 top-decile),WATCHLIST,Top decile with 2/3 model agreement,15.79,0.5531434714794159,273,5.718475073313783,3,2,0,0.6231179237365723,6.5982404692082115
2026-05-08T20:27:33Z,2026-05-07,PSIX,TOP_DECILE,WEAK (1/3 top-decile),WATCHLIST,Top decile but weak model agreement,71.99,0.5530573626359304,274,5.7394218684541265,3,1,1,0.6590940952301025,3.854210305823209
2026-05-08T20:27:33Z,2026-05-07,LULU,TOP_DECILE,STRONG (2/3 top-decile),WATCHLIST,Top decile with 2/3 model agreement,133.59,0.553033729394277,275,5.76036866359447,3,2,1,0.6891090869903564,0.8588186007540847
2026-05-08T20:27:33Z,2026-05-07,NICE,TOP_DECILE,WEAK (1/3 top-decile),WATCHLIST,Top decile but weak model agreement,95.64,0.5529011686642965,276,5.781315458734814,3,1,1,0.6580098271369934,4.021784666945957
2026-05-08T20:27:33Z,2026-05-07,AOSL,TOP_DECILE,STRONG (2/3 top-decile),WATCHLIST,Top decile with 2/3 model agreement,37.44,0.5528539518515269,277,5.802262253875157,3,2,1,0.6859203577041626,1.2568077084206117
2026-05-08T20:27:33Z,2026-05-07,ALMU,TOP_DECILE,STRONG (2/3 top-decile),WATCHLIST,Top decile with 2/3 model agreement,23.97,0.5526158014933268,278,5.8232090490155,3,2,1,0.6891545057296753,0.8378718056137411
2026-05-08T20:27:33Z,2026-05-07,BKNG,TOP_DECILE,VERY STRONG (2/3 top-decile),WATCHLIST,Top decile with 2/3 model agreement,171.28,0.5525715053081512,279,5.8441558441558445,3,2,2,0.6642795205116272,3.7704231252618348
2026-05-08T20:27:33Z,2026-05-07,IXHL,TOP_DECILE,VERY STRONG (2/3 top-decile),WATCHLIST,Top decile with 2/3 model agreement,4.8,0.5525206029415131,280,5.865102639296188,3,2,2,0.6544647216796875,4.461667364893171
2026-05-08T20:27:33Z,2026-05-07,IRWD,TOP_DECILE,WEAK (1/3 top-decile),WATCHLIST,Top decile but weak model agreement,4.17,0.5524837672710419,281,5.886049434436531,3,1,1,0.7016972303390503,0.8169250104733976
2026-05-08T20:27:33Z,2026-05-07,MTC,TOP_DECILE,WEAK (1/3 top-decile),WATCHLIST,Top decile but weak model agreement,7.02,0.5524773399035136,282,5.906996229576874,3,1,1,0.6563596725463867,4.671135316296606
2026-05-08T20:27:33Z,2026-05-07,OPTX,TOP_DECILE,WEAK (1/3 top-decile),WATCHLIST,Top decile but weak model agreement,7.05,0.5523840586344401,283,5.9279430247172185,3,1,0,0.6453378796577454,5.613741097612065
2026-05-08T20:27:33Z,2026-05-07,INDP,TOP_DECILE,STRONG (2/3 top-decile),WATCHLIST,Top decile with 2/3 model agreement,2.03,0.5521053473154703,284,5.948889819857562,3,2,1,0.6610631942749023,4.042731462086301
2026-05-08T20:27:33Z,2026-05-07,ERII,TOP_DECILE,WEAK (1/3 top-decile),WATCHLIST,Top decile but weak model agreement,9.43,0.5519259969393412,285,5.969836614997905,3,1,1,0.6736198663711548,2.5555090071219104
2026-05-08T20:27:33Z,2026-05-07,LCUT,TOP_DECILE,STRONG (2/3 top-decile),WATCHLIST,Top decile with 2/3 model agreement,7.19,0.5518028537432352,286,5.990783410138249,3,2,0,0.6213160157203674,5.8232090490155
2026-05-08T20:27:33Z,2026-05-07,RIVN,TOP_DECILE,WEAK (1/3 top-decile),WATCHLIST,Top decile but weak model agreement,14.18,0.5516483386357626,287,6.011730205278592,3,1,1,0.675707995891571,2.450775031420193
2026-05-08T20:27:33Z,2026-05-07,VEEE,TOP_DECILE,WEAK (1/3 top-decile),WATCHLIST,Top decile but weak model agreement,6.43,0.551561047633489,288,6.032677000418936,3,1,1,0.6145747303962708,0.20946795140343527
2026-05-08T20:27:33Z,2026-05-07,MNKD,TOP_DECILE,STRONG (2/3 top-decile),WATCHLIST,Top decile with 2/3 model agreement,3.55,0.5514638622601827,289,6.05362379555928,3,2,0,0.630573034286499,8.399664851277754
2026-05-08T20:27:33Z,2026-05-07,PTLE,TOP_DECILE,STRONG (2/3 top-decile),WATCHLIST,Top decile with 2/3 model agreement,5.61,0.5514121850331625,290,6.074570590699623,3,2,0,0.6286543011665344,7.582739840804357
2026-05-08T20:27:33Z,2026-05-07,TEM,TOP_DECILE,STRONG (2/3 top-decile),WATCHLIST,Top decile with 2/3 model agreement,49.47,0.5514044364293417,291,6.095517385839966,3,2,0,0.6343988180160522,7.708420611646418
2026-05-08T20:27:33Z,2026-05-07,FIEE,TOP_DECILE,WEAK (1/3 top-decile),WATCHLIST,Top decile but weak model agreement,6.45,0.551404188076655,292,6.11646418098031,3,1,1,0.690115749835968,1.4034352744030163
2026-05-08T20:27:33Z,2026-05-07,EOSE,TOP_DECILE,STRONG (2/3 top-decile),WATCHLIST,Top decile with 2/3 model agreement,6.36,0.5513435403505961,293,6.137410976120654,3,2,0,0.64275723695755,6.032677000418936
2026-05-08T20:27:33Z,2026-05-07,GURE,TOP_DECILE,WEAK (1/3 top-decile),WATCHLIST,Top decile but weak model agreement,3.61,0.5513212382793427,294,6.158357771260997,3,1,0,0.6118614673614502,5.571847507331379
2026-05-08T20:27:33Z,2026-05-07,KLAC,TOP_DECILE,WEAK (1/3 top-decile),WATCHLIST,Top decile but weak model agreement,1763.25,0.5511057277520498,295,6.17930456640134,3,1,1,0.5908378958702087,3.2048596564725598
2026-05-08T20:27:33Z,2026-05-07,FWRD,TOP_DECILE,WEAK (1/3 top-decile),WATCHLIST,Top decile but weak model agreement,17.33,0.5509264767169952,296,6.200251361541684,3,1,1,0.6837568283081055,1.948051948051948
2026-05-08T20:27:33Z,2026-05-07,MNTS,TOP_DECILE,STRONG (2/3 top-decile),WATCHLIST,Top decile with 2/3 model agreement,4.41,0.5508110026518503,297,6.221198156682028,3,2,1,0.6609540581703186,4.084625052366988
2026-05-08T20:27:33Z,2026-05-07,ORIC,TOP_DECILE,WEAK (1/3 top-decile),WATCHLIST,Top decile but weak model agreement,8.81,0.5507347385088602,298,6.242144951822371,3,1,1,0.6732120513916016,2.702136573104315
2026-05-08T20:27:33Z,2026-05-07,AIOS,TOP_DECILE,VERY STRONG (2/3 top-decile),WATCHLIST,Top decile with 2/3 model agreement,19.35,0.5506895979245504,299,6.263091746962715,3,2,2,0.6595221757888794,3.372434017595308
2026-05-08T20:27:33Z,2026-05-07,CHGG,TOP_DECILE,WEAK (1/3 top-decile),WATCHLIST,Top decile but weak model agreement,1.28,0.5506791869799296,300,6.284038542103058,3,1,0,0.6205278038978577,5.446166736489317
2026-05-08T20:27:33Z,2026-05-07,ANL,TOP_DECILE,STRONG (2/3 top-decile),WATCHLIST,Top decile with 2/3 model agreement,13.7,0.550565759340922,301,6.3049853372434015,3,2,1,0.6640791296958923,3.7913699204021785
2026-05-08T20:27:33Z,2026-05-07,JFB,TOP_DECILE,STRONG (2/3 top-decile),WATCHLIST,Top decile with 2/3 model agreement,5.58,0.5504839817682902,302,6.325932132383746,3,2,0,0.6255730390548706,9.237536656891496
2026-05-08T20:27:33Z,2026-05-07,ELF,TOP_DECILE,STRONG (2/3 top-decile),WATCHLIST,Top decile with 2/3 model agreement,61.79,0.5503750244776408,303,6.346878927524089,3,2,1,0.6556424498558044,4.754922496857981
2026-05-08T20:27:33Z,2026-05-07,DRCT,TOP_DECILE,STRONG (2/3 top-decile),WATCHLIST,Top decile with 2/3 model agreement,4.75,0.5502010683218638,304,6.367825722664432,3,2,1,0.6836870908737183,1.466275659824047
2026-05-08T20:27:33Z,2026-05-07,VNCE,TOP_DECILE,STRONG (2/3 top-decile),WATCHLIST,Top decile with 2/3 model agreement,4.77,0.5501954853534698,305,6.388772517804776,3,2,0,0.6491863131523132,5.5509007121910345
2026-05-08T20:27:33Z,2026-05-07,PMAX,TOP_DECILE,STRONG (2/3 top-decile),WATCHLIST,Top decile with 2/3 model agreement,4.2,0.5501276254653931,306,6.4097193129451195,3,2,1,0.6286938786506653,3.4352744030163387
2026-05-08T20:27:33Z,2026-05-07,EVMN,TOP_DECILE,WEAK (1/3 top-decile),WATCHLIST,Top decile but weak model agreement,22.5,0.5500385363896688,307,6.430666108085463,3,1,1,0.6682879328727722,2.953498114788437
2026-05-08T20:27:33Z,2026-05-07,CRCL,TOP_DECILE,STRONG (2/3 top-decile),WATCHLIST,Top decile with 2/3 model agreement,113.25,0.5500331521034241,308,6.451612903225806,3,2,1,0.6550413966178894,4.4197737746124846
2026-05-08T20:27:33Z,2026-05-07,BOBS,TOP_DECILE,WEAK (1/3 top-decile),WATCHLIST,Top decile but weak model agreement,12.67,0.5499688585599264,309,6.47255969836615,3,1,1,0.6848549842834473,1.8433179723502304
2026-05-08T20:27:33Z,2026-05-07,OCGN,TOP_DECILE,WEAK (1/3 top-decile),WATCHLIST,Top decile but weak model agreement,1.44,0.5498853425184885,310,6.4935064935064934,3,1,1,0.6887004375457764,1.508169250104734
2026-05-08T20:27:33Z,2026-05-07,MOVE,TOP_DECILE,STRONG (2/3 top-decile),WATCHLIST,Top decile with 2/3 model agreement,13.85,0.5498271485169729,311,6.514453288646837,3,2,0,0.6370813846588135,6.284038542103058
2026-05-08T20:27:33Z,2026-05-07,VATE,TOP_DECILE,STRONG (2/3 top-decile),WATCHLIST,Top decile with 2/3 model agreement,12.68,0.5496393144130707,312,6.535400083787181,3,2,0,0.627578854560852,5.278592375366569
2026-05-08T20:27:33Z,2026-05-07,FLNC,TOP_DECILE,STRONG (2/3 top-decile),WATCHLIST,Top decile with 2/3 model agreement,18.97,0.54955326517423,313,6.556346878927524,3,2,0,0.6241186261177063,6.05362379555928
2026-05-08T20:27:33Z,2026-05-07,OCG,TOP_DECILE,STRONG (2/3 top-decile),WATCHLIST,Top decile with 2/3 model agreement,2.24,0.549278567234675,314,6.577293674067867,3,2,1,0.6783555150032043,2.0527859237536656
2026-05-08T20:27:33Z,2026-05-07,QTRX,TOP_DECILE,WEAK (1/3 top-decile),WATCHLIST,Top decile but weak model agreement,2.75,0.5491911172866821,315,6.5982404692082115,3,1,1,0.7001193165779114,0.9216589861751152
2026-05-08T20:27:33Z,2026-05-07,NXTS,TOP_DECILE,STRONG (2/3 top-decile),WATCHLIST,Top decile with 2/3 model agreement,5.85,0.5491548776626587,316,6.619187264348555,3,2,1,0.646515965461731,4.084625052366988
2026-05-08T20:27:33Z,2026-05-07,ALM,TOP_DECILE,STRONG (2/3 top-decile),WATCHLIST,Top decile with 2/3 model agreement,19.82,0.5489438772201538,317,6.640134059488898,3,2,1,0.6506233811378479,4.9853372434017595
2026-05-08T20:27:33Z,2026-05-07,XRX,TOP_DECILE,WEAK (1/3 top-decile),WATCHLIST,Top decile but weak model agreement,2.37,0.5489393870035807,318,6.661080854629242,3,1,1,0.6644235849380493,3.7494763301214915
2026-05-08T20:27:33Z,2026-05-07,QURE,TOP_DECILE,STRONG (2/3 top-decile),WATCHLIST,Top decile with 2/3 model agreement,24.15,0.5489227871100107,319,6.682027649769585,3,2,1,0.6571012139320374,4.545454545454546
2026-05-08T20:27:33Z,2026-05-07,TER,TOP_DECILE,VERY STRONG (2/3 top-decile),WATCHLIST,Top decile with 2/3 model agreement,354.11,0.5488983194033304,320,6.702974444909929,3,2,2,0.6622827649116516,3.414327607875995
2026-05-08T20:27:33Z,2026-05-07,PVLA,TOP_DECILE,WEAK (1/3 top-decile),WATCHLIST,Top decile but weak model agreement,113.26,0.5486503938833872,321,6.723921240050272,3,1,0,0.617962658405304,7.5408462505236695
2026-05-08T20:27:33Z,2026-05-07,EPAM,TOP_DECILE,WEAK (1/3 top-decile),WATCHLIST,Top decile but weak model agreement,104.24,0.5485974152882894,322,6.744868035190616,3,1,1,0.6988891363143921,0.9635525764558023
2026-05-08T20:27:33Z,2026-05-07,FGL,TOP_DECILE,WEAK (1/3 top-decile),WATCHLIST,Top decile but weak model agreement,1.89,0.5485028922557831,323,6.765814830330959,3,1,1,0.6061757802963257,3.142019271051529
2026-05-08T20:27:33Z,2026-05-07,ADEA,TOP_DECILE,STRONG (2/3 top-decile),WATCHLIST,Top decile with 2/3 model agreement,27.42,0.5484503507614136,324,6.786761625471303,3,2,0,0.6416758894920349,6.346878927524089
2026-05-08T20:27:33Z,2026-05-07,LAW,TOP_DECILE,STRONG (2/3 top-decile),WATCHLIST,Top decile with 2/3 model agreement,4.01,0.5484364032745361,325,6.807708420611647,3,2,1,0.6543554067611694,4.901550062840386
2026-05-08T20:27:33Z,2026-05-07,CHKP,TOP_DECILE,VERY STRONG (2/3 top-decile),WATCHLIST,Top decile with 2/3 model agreement,115.56,0.548423687616984,326,6.82865521575199,3,2,2,0.6836467385292053,1.4872224549643904
2026-05-08T20:27:33Z,2026-05-07,SIDU,TOP_DECILE,WEAK (1/3 top-decile),WATCHLIST,Top decile but weak model agreement,2.95,0.5482766330242157,327,6.849602010892333,3,1,1,0.6121718287467957,4.168412232928362
2026-05-08T20:27:33Z,2026-05-07,KEEX,TOP_DECILE,VERY STRONG (2/3 top-decile),WATCHLIST,Top decile with 2/3 model agreement,65.72,0.5482615828514099,328,6.870548806032677,3,2,2,0.6751769781112671,2.5345622119815667
2026-05-08T20:27:33Z,2026-05-07,TDW,TOP_DECILE,WEAK (1/3 top-decile),WATCHLIST,Top decile but weak model agreement,77.86,0.5482513805230459,329,6.891495601173021,3,1,1,0.6901536583900452,1.3824884792626728
2026-05-08T20:27:33Z,2026-05-07,AHL,TOP_DECILE,WEAK (1/3 top-decile),WATCHLIST,Top decile but weak model agreement,1.245,0.54814213514328,330,6.912442396313364,3,1,1,0.6083555221557617,0.2932551319648094
2026-05-08T20:27:33Z,2026-05-07,HIT,TOP_DECILE,STRONG (2/3 top-decile),WATCHLIST,Top decile with 2/3 model agreement,1.57,0.5480927129586538,331,6.933389191453708,3,2,0,0.6408910751342773,6.451612903225806
2026-05-08T20:27:33Z,2026-05-07,ATRA,TOP_DECILE,WEAK (1/3 top-decile),WATCHLIST,Top decile but weak model agreement,9.93,0.548021266857783,332,6.954335986594051,3,1,1,0.617745041847229,3.5609551738583995
2026-05-08T20:27:33Z,2026-05-07,ABSI,TOP_DECILE,WEAK (1/3 top-decile),WATCHLIST,Top decile but weak model agreement,5.75,0.547876626253128,333,6.9752827817343945,3,1,0,0.6441327929496765,6.242144951822371
2026-05-08T20:27:33Z,2026-05-07,TSSI,TOP_DECILE,STRONG (2/3 top-decile),WATCHLIST,Top decile with 2/3 model agreement,15.84,0.5478227933247884,334,6.996229576874738,3,2,0,0.6419870853424072,6.242144951822371
2026-05-08T20:27:33Z,2026-05-07,IMDX,TOP_DECILE,STRONG (2/3 top-decile),WATCHLIST,Top decile with 2/3 model agreement,4.96,0.5477661490440369,335,7.017176372015082,3,2,1,0.6849192976951599,1.3196480938416422
2026-05-08T20:27:33Z,2026-05-07,ALOY,TOP_DECILE,WEAK (1/3 top-decile),WATCHLIST,Top decile but weak model agreement,9.55,0.5476809740066528,336,7.038123167155425,3,1,1,0.5949411392211914,4.000837871805614
2026-05-08T20:27:33Z,2026-05-07,NXTT,TOP_DECILE,STRONG (2/3 top-decile),WATCHLIST,Top decile with 2/3 model agreement,1.52,0.5476573506991068,337,7.059069962295768,3,2,0,0.6335709095001221,7.813154587348135
2026-05-08T20:27:33Z,2026-05-07,SOC,TOP_DECILE,STRONG (2/3 top-decile),WATCHLIST,Top decile with 2/3 model agreement,12.83,0.5475189983844757,338,7.080016757436113,3,2,0,0.6350369453430176,7.687473816506075
2026-05-08T20:27:33Z,2026-05-07,YOU,TOP_DECILE,STRONG (2/3 top-decile),WATCHLIST,Top decile with 2/3 model agreement,58.17,0.5474938154220581,339,7.100963552576456,3,2,0,0.6446690559387207,5.781315458734814
2026-05-08T20:27:33Z,2026-05-07,LPRO,TOP_DECILE,WEAK (1/3 top-decile),WATCHLIST,Top decile but weak model agreement,1.62,0.5473976333936056,340,7.121910347716799,3,1,1,0.673180878162384,2.7230833682446587
2026-05-08T20:27:33Z,2026-05-07,WATT,TOP_DECILE,STRONG (2/3 top-decile),WATCHLIST,Top decile with 2/3 model agreement,25.51,0.5473762452602386,341,7.142857142857143,3,2,0,0.6317251920700073,5.194805194805195
2026-05-08T20:27:33Z,2026-05-07,RUN,TOP_DECILE,STRONG (2/3 top-decile),WATCHLIST,Top decile with 2/3 model agreement,13.8,0.5471460819244385,342,7.1638039379974865,3,2,0,0.6390780806541443,6.996229576874738
2026-05-08T20:27:33Z,2026-05-07,OXY,TOP_DECILE,STRONG (2/3 top-decile),WATCHLIST,Top decile with 2/3 model agreement,53.94,0.5471158723036448,343,7.18475073313783,3,2,0,0.6239444017410278,7.059069962295768
2026-05-08T20:27:33Z,2026-05-07,WHR,TOP_DECILE,STRONG (2/3 top-decile),WATCHLIST,Top decile with 2/3 model agreement,48.21,0.5470890800158182,344,7.205697528278173,3,2,0,0.6501561999320984,5.04817762882279
2026-05-08T20:27:33Z,2026-05-07,FUSE,TOP_DECILE,STRONG (2/3 top-decile),WATCHLIST,Top decile with 2/3 model agreement,1.57,0.5469826062520345,345,7.226644323418517,3,2,0,0.6223721504211426,6.996229576874738
2026-05-08T20:27:33Z,2026-05-07,TPR,TOP_DECILE,WEAK (1/3 top-decile),WATCHLIST,Top decile but weak model agreement,130.52,0.5469487309455872,346,7.24759111855886,3,1,1,0.6848899126052856,1.3615416841223293
2026-05-08T20:27:33Z,2026-05-07,LPL,TOP_DECILE,WEAK (1/3 top-decile),WATCHLIST,Top decile but weak model agreement,4.32,0.5468518535296122,347,7.268537913699204,3,1,1,0.6899222135543823,1.4453288646837035
2026-05-08T20:27:33Z,2026-05-07,AGRO,TOP_DECILE,WEAK (1/3 top-decile),WATCHLIST,Top decile but weak model agreement,13.37,0.5467925767103831,348,7.289484708839548,3,1,1,0.6831149458885193,1.591956430666108
2026-05-08T20:27:33Z,2026-05-07,LWLG,TOP_DECILE,WEAK (1/3 top-decile),WATCHLIST,Top decile but weak model agreement,14.825,0.5467822253704071,349,7.310431503979891,3,1,1,0.6012502312660217,3.9798910766652704
2026-05-08T20:27:33Z,2026-05-07,RLAY,TOP_DECILE,WEAK (1/3 top-decile),WATCHLIST,Top decile but weak model agreement,12.51,0.5467718342940012,350,7.331378299120234,3,1,1,0.6808396577835083,2.0527859237536656
2026-05-08T20:27:33Z,2026-05-07,ALMS,TOP_DECILE,STRONG (2/3 top-decile),WATCHLIST,Top decile with 2/3 model agreement,23.76,0.5466382106145223,351,7.3523250942605785,3,2,1,0.6663965582847595,3.100125680770842
2026-05-08T20:27:33Z,2026-05-07,NBTX,TOP_DECILE,WEAK (1/3 top-decile),WATCHLIST,Top decile but weak model agreement,42.61,0.5465807418028513,352,7.373271889400922,3,1,0,0.6422027945518494,6.5982404692082115
2026-05-08T20:27:33Z,2026-05-07,ALDX,TOP_DECILE,WEAK (1/3 top-decile),WATCHLIST,Top decile but weak model agreement,1.73,0.5465157429377238,353,7.394218684541265,3,1,1,0.5919986367225647,3.937997486384583
2026-05-08T20:27:33Z,2026-05-07,PLAY,TOP_DECILE,WEAK (1/3 top-decile),WATCHLIST,Top decile but weak model agreement,10.47,0.5464927554130554,354,7.415165479681609,3,1,1,0.6876997947692871,1.6338500209467952
2026-05-08T20:27:33Z,2026-05-07,LONA,TOP_DECILE,STRONG (2/3 top-decile),WATCHLIST,Top decile with 2/3 model agreement,9.86,0.5464892188707987,355,7.436112274821952,3,2,1,0.6681956052780151,3.3514872224549643
2026-05-08T20:27:33Z,2026-05-07,LITM,TOP_DECILE,STRONG (2/3 top-decile),WATCHLIST,Top decile with 2/3 model agreement,2.09,0.546360562245051,356,7.457059069962296,3,2,0,0.6380971670150757,7.205697528278173
2026-05-08T20:27:33Z,2026-05-07,UP,TOP_DECILE,WEAK (1/3 top-decile),WATCHLIST,Top decile but weak model agreement,6.62,0.5462971826394399,357,7.478005865102639,3,1,1,0.661349356174469,4.000837871805614
2026-05-08T20:27:33Z,2026-05-07,STX,TOP_DECILE,VERY STRONG (2/3 top-decile),WATCHLIST,Top decile with 2/3 model agreement,766.44,0.5462821821371714,358,7.498952660242983,3,2,2,0.6860132813453674,1.6966904063678256
2026-05-08T20:27:33Z,2026-05-07,SKYX,TOP_DECILE,STRONG (2/3 top-decile),WATCHLIST,Top decile with 2/3 model agreement,1.46,0.5462324321269989,359,7.519899455383326,3,2,0,0.6368575096130371,7.205697528278173
2026-05-08T20:27:33Z,2026-05-07,FLX,TOP_DECILE,WEAK (1/3 top-decile),WATCHLIST,Top decile but weak model agreement,2.73,0.5462261239687601,360,7.5408462505236695,3,1,0,0.6478657126426697,5.76036866359447
2026-05-08T20:27:33Z,2026-05-07,CAVA,TOP_DECILE,STRONG (2/3 top-decile),WATCHLIST,Top decile with 2/3 model agreement,84.47,0.5462121963500977,361,7.561793045664014,3,2,0,0.6441693902015686,5.886049434436531
2026-05-08T20:27:33Z,2026-05-07,CPSH,TOP_DECILE,STRONG (2/3 top-decile),WATCHLIST,Top decile with 2/3 model agreement,3.75,0.5462043682734171,362,7.582739840804357,3,2,0,0.6455491781234741,5.5509007121910345
2026-05-08T20:27:33Z,2026-05-07,RENX,TOP_DECILE,WEAK (1/3 top-decile),WATCHLIST,Top decile but weak model agreement,2.2,0.5461223224798838,363,7.6036866359447,3,1,1,0.6041293740272522,4.733975701717637
2026-05-08T20:27:33Z,2026-05-07,WOLF,TOP_DECILE,WEAK (1/3 top-decile),WATCHLIST,Top decile but weak model agreement,45.16,0.5460838576157888,364,7.624633431085044,3,1,0,0.6198729276657104,5.257645580226225
2026-05-08T20:27:33Z,2026-05-07,QH,TOP_DECILE,STRONG (2/3 top-decile),WATCHLIST,Top decile with 2/3 model agreement,2.99,0.5460503002007803,365,7.645580226225388,3,2,1,0.6364669799804688,0.8588186007540847
2026-05-08T20:27:33Z,2026-05-07,RMBS,TOP_DECILE,WEAK (1/3 top-decile),WATCHLIST,Top decile but weak model agreement,126.6,0.5460055669148763,366,7.666527021365731,3,1,1,0.6872419118881226,1.06828655215752
2026-05-08T20:27:33Z,2026-05-07,NCT,TOP_DECILE,VERY STRONG (2/3 top-decile),WATCHLIST,Top decile with 2/3 model agreement,2.7599,0.5460019707679749,367,7.687473816506075,3,2,2,0.6663838624954224,3.5609551738583995
2026-05-08T20:27:33Z,2026-05-07,BKSY,TOP_DECILE,STRONG (2/3 top-decile),WATCHLIST,Top decile with 2/3 model agreement,32.24,0.5458061595757803,368,7.708420611646418,3,2,0,0.6469041705131531,5.299539170506913
2026-05-08T20:27:33Z,2026-05-07,NCLH,TOP_DECILE,STRONG (2/3 top-decile),WATCHLIST,Top decile with 2/3 model agreement,17.22,0.5458008348941803,369,7.7293674067867615,3,2,1,0.671022891998291,2.744030163385002
2026-05-08T20:27:33Z,2026-05-07,EVTC,TOP_DECILE,WEAK (1/3 top-decile),WATCHLIST,Top decile but weak model agreement,23.36,0.545773575703303,370,7.750314201927105,3,1,1,0.659757137298584,4.210305823209049
2026-05-08T20:27:33Z,2026-05-07,FICO,TOP_DECILE,STRONG (2/3 top-decile),WATCHLIST,Top decile with 2/3 model agreement,1128.39,0.545754075050354,371,7.771260997067449,3,2,1,0.667028546333313,3.5190615835777126
2026-05-08T20:27:33Z,2026-05-07,CYCN,TOP_DECILE,WEAK (1/3 top-decile),WATCHLIST,Top decile but weak model agreement,3.15,0.5457474589347839,372,7.792207792207792,3,1,1,0.5617654919624329,1.3615416841223293
2026-05-08T20:27:33Z,2026-05-07,COP,TOP_DECILE,WEAK (1/3 top-decile),WATCHLIST,Top decile but weak model agreement,114.88,0.5455904801686605,373,7.813154587348135,3,1,0,0.6004334092140198,5.04817762882279
2026-05-08T20:27:33Z,2026-05-07,AVAV,TOP_DECILE,WEAK (1/3 top-decile),WATCHLIST,Top decile but weak model agreement,168.18,0.5455105106035868,374,7.8341013824884795,3,1,0,0.6447523832321167,6.200251361541684
2026-05-08T20:27:33Z,2026-05-07,LRMR,TOP_DECILE,WEAK (1/3 top-decile),WATCHLIST,Top decile but weak model agreement,4.0,0.5454976956049601,375,7.855048177628823,3,1,0,0.6309948563575745,8.336824465856724
2026-05-08T20:27:33Z,2026-05-07,CCSI,TOP_DECILE,STRONG (2/3 top-decile),WATCHLIST,Top decile with 2/3 model agreement,28.29,0.5452909966309866,376,7.875994972769166,3,2,1,0.6730919480323792,2.618349392542941
2026-05-08T20:27:33Z,2026-05-07,HURA,TOP_DECILE,WEAK (1/3 top-decile),WATCHLIST,Top decile but weak model agreement,2.4,0.5451315144697825,377,7.89694176790951,3,1,1,0.6024104952812195,3.8332635106828654
2026-05-08T20:27:33Z,2026-05-07,KLC,TOP_DECILE,STRONG (2/3 top-decile),WATCHLIST,Top decile with 2/3 model agreement,3.92,0.5450340708096822,378,7.9178885630498534,3,2,1,0.6566989421844482,4.587348135735232
2026-05-08T20:27:33Z,2026-05-07,PODD,TOP_DECILE,WEAK (1/3 top-decile),WATCHLIST,Top decile but weak model agreement,160.4,0.544990748167038,379,7.938835358190197,3,1,1,0.6897146701812744,0.7331378299120235
2026-05-08T20:27:33Z,2026-05-07,ESLA,TOP_DECILE,WEAK (1/3 top-decile),WATCHLIST,Top decile but weak model agreement,1.27,0.5449871818224589,380,7.959782153330541,3,1,0,0.6214843392372131,9.928780896522833
2026-05-08T20:27:33Z,2026-05-07,VVPR,TOP_DECILE,WEAK (1/3 top-decile),WATCHLIST,Top decile but weak model agreement,3.01,0.5449771583080292,381,7.980728948470884,3,1,0,0.6141783595085144,5.320485965647256
2026-05-08T20:27:33Z,2026-05-07,HRTX,TOP_DECILE,STRONG (2/3 top-decile),WATCHLIST,Top decile with 2/3 model agreement,1.24,0.5448215007781982,382,8.001675743611228,3,2,0,0.6500639319419861,5.40427314620863
2026-05-08T20:27:33Z,2026-05-07,AXON,TOP_DECILE,WEAK (1/3 top-decile),WATCHLIST,Top decile but weak model agreement,426.89,0.5446981688340505,383,8.022622538751571,3,1,1,0.688643753528595,0.9216589861751152
2026-05-08T20:27:33Z,2026-05-07,CECO,TOP_DECILE,STRONG (2/3 top-decile),WATCHLIST,Top decile with 2/3 model agreement,81.38,0.5445986092090607,384,8.043569333891915,3,2,0,0.6438625454902649,6.284038542103058
2026-05-08T20:27:33Z,2026-05-07,FRMI,TOP_DECILE,WEAK (1/3 top-decile),WATCHLIST,Top decile but weak model agreement,5.12,0.5445694029331207,385,8.064516129032258,3,1,0,0.6299571990966797,8.525345622119815
2026-05-08T20:27:33Z,2026-05-07,ELTX,TOP_DECILE,STRONG (2/3 top-decile),WATCHLIST,Top decile with 2/3 model agreement,10.01,0.5444505413373312,386,8.085462924172601,3,2,0,0.6419671773910522,6.263091746962715
2026-05-08T20:27:33Z,2026-05-07,NEGG,TOP_DECILE,WEAK (1/3 top-decile),WATCHLIST,Top decile but weak model agreement,29.21,0.5443989535172781,387,8.106409719312945,3,1,1,0.7163755893707275,0.3770423125261835
2026-05-08T20:27:33Z,2026-05-07,PEGA,TOP_DECILE,WEAK (1/3 top-decile),WATCHLIST,Top decile but weak model agreement,36.73,0.5443855325380961,388,8.127356514453288,3,1,1,0.6973837614059448,0.20946795140343527
2026-05-08T20:27:33Z,2026-05-07,MCRB,TOP_DECILE,STRONG (2/3 top-decile),WATCHLIST,Top decile with 2/3 model agreement,7.72,0.5443159341812134,389,8.148303309593633,3,2,0,0.6429752707481384,6.011730205278592
2026-05-08T20:27:33Z,2026-05-07,FEAM,TOP_DECILE,STRONG (2/3 top-decile),WATCHLIST,Top decile with 2/3 model agreement,1.65,0.5443087220191956,390,8.169250104733976,3,2,0,0.6485083699226379,5.6346878927524084
2026-05-08T20:27:33Z,2026-05-07,IOTR,TOP_DECILE,WEAK (1/3 top-decile),WATCHLIST,Top decile but weak model agreement,2.4,0.544273187716802,391,8.19019689987432,3,1,1,0.6580964922904968,4.4197737746124846
2026-05-08T20:27:33Z,2026-05-07,DOGZ,TOP_DECILE,WEAK (1/3 top-decile),WATCHLIST,Top decile but weak model agreement,1.12,0.5442008674144745,392,8.211143695014663,3,1,0,0.6434791684150696,6.388772517804776
2026-05-08T20:27:33Z,2026-05-07,BCAB,TOP_DECILE,WEAK (1/3 top-decile),WATCHLIST,Top decile but weak model agreement,4.35,0.5440002183119456,393,8.232090490155006,3,1,0,0.6520799994468689,5.111018014243821
2026-05-08T20:27:33Z,2026-05-07,QTTB,TOP_DECILE,WEAK (1/3 top-decile),WATCHLIST,Top decile but weak model agreement,5.44,0.5439691046873728,394,8.253037285295349,3,1,0,0.6192651391029358,9.928780896522833
2026-05-08T20:27:33Z,2026-05-07,LIFE,TOP_DECILE,STRONG (2/3 top-decile),WATCHLIST,Top decile with 2/3 model agreement,30.59,0.5438811779022217,395,8.273984080435694,3,2,0,0.6244876980781555,7.394218684541265
2026-05-08T20:27:33Z,2026-05-07,OUST,TOP_DECILE,WEAK (1/3 top-decile),WATCHLIST,Top decile but weak model agreement,24.51,0.5438001255194346,396,8.294930875576037,3,1,0,0.6464354991912842,5.341432760787599
2026-05-08T20:27:33Z,2026-05-07,ENLT,TOP_DECILE,STRONG (2/3 top-decile),WATCHLIST,Top decile with 2/3 model agreement,85.09,0.5437518854935964,397,8.31587767071638,3,2,0,0.6534942984580994,5.006284038542103
2026-05-08T20:27:33Z,2026-05-07,STEM,TOP_DECILE,WEAK (1/3 top-decile),WATCHLIST,Top decile but weak model agreement,8.73,0.5436991552511851,398,8.336824465856724,3,1,1,0.665016770362854,3.142019271051529
2026-05-08T20:27:33Z,2026-05-07,ANF,TOP_DECILE,WEAK (1/3 top-decile),WATCHLIST,Top decile but weak model agreement,78.51,0.5436582664648691,399,8.357771260997067,3,1,1,0.677882969379425,2.1156263091746963
2026-05-08T20:27:33Z,2026-05-07,FATE,TOP_DECILE,WEAK (1/3 top-decile),WATCHLIST,Top decile but weak model agreement,2.43,0.5435742934544882,400,8.37871805613741,3,1,0,0.6426439881324768,6.535400083787181
2026-05-08T20:27:33Z,2026-05-07,RL,TOP_DECILE,WEAK (1/3 top-decile),WATCHLIST,Top decile but weak model agreement,353.55,0.5435248414675394,401,8.399664851277754,3,1,1,0.6915425658226013,0.5236698785085881
2026-05-08T20:27:33Z,2026-05-07,CGTX,TOP_DECILE,WEAK (1/3 top-decile),WATCHLIST,Top decile but weak model agreement,1.16,0.5432200034459432,402,8.420611646418099,3,1,1,0.6539786458015442,4.964390448261416
2026-05-08T20:27:33Z,2026-05-07,CBIO,TOP_DECILE,STRONG (2/3 top-decile),WATCHLIST,Top decile with 2/3 model agreement,18.0,0.5430870453516642,403,8.441558441558442,3,2,0,0.6306487321853638,6.765814830330959
2026-05-08T20:27:33Z,2026-05-07,MGNX,TOP_DECILE,WEAK (1/3 top-decile),WATCHLIST,Top decile but weak model agreement,2.94,0.5428928037484487,404,8.462505236698785,3,1,1,0.6746077537536621,2.3669878508588185
2026-05-08T20:27:33Z,2026-05-07,MSAI,TOP_DECILE,WEAK (1/3 top-decile),WATCHLIST,Top decile but weak model agreement,5.7899,0.5428747435410818,405,8.483452031839128,3,1,0,0.6294824481010437,9.195643066610808
2026-05-08T20:27:33Z,2026-05-07,CC,TOP_DECILE,WEAK (1/3 top-decile),WATCHLIST,Top decile but weak model agreement,22.41,0.5428506235281626,406,8.504398826979472,3,1,1,0.6556095480918884,4.33598659405111
2026-05-08T20:27:33Z,2026-05-07,ENVB,TOP_DECILE,STRONG (2/3 top-decile),WATCHLIST,Top decile with 2/3 model agreement,3.17,0.5427645444869995,407,8.525345622119815,3,2,1,0.6482691764831543,4.356933389191454
2026-05-08T20:27:33Z,2026-05-07,INSM,TOP_DECILE,WEAK (1/3 top-decile),WATCHLIST,Top decile but weak model agreement,105.0,0.5427354276180267,408,8.54629241726016,3,1,1,0.6552438735961914,4.775869291998324
2026-05-08T20:27:33Z,2026-05-07,THRY,TOP_DECILE,WEAK (1/3 top-decile),WATCHLIST,Top decile but weak model agreement,3.72,0.5427322089672089,409,8.567239212400503,3,1,1,0.6771933436393738,2.220360284876414
2026-05-08T20:27:33Z,2026-05-07,GLW,TOP_DECILE,STRONG (2/3 top-decile),WATCHLIST,Top decile with 2/3 model agreement,182.4,0.5426511367162069,410,8.588186007540846,3,2,1,0.7070654630661011,0.5865102639296188
2026-05-08T20:27:33Z,2026-05-07,MX,TOP_DECILE,WEAK (1/3 top-decile),WATCHLIST,Top decile but weak model agreement,3.86,0.5426136751969656,411,8.60913280268119,3,1,1,0.6705837249755859,3.0372852953498115
2026-05-08T20:27:33Z,2026-05-07,RDZN,TOP_DECILE,WEAK (1/3 top-decile),WATCHLIST,Top decile but weak model agreement,1.87,0.5426027278105418,412,8.630079597821533,3,1,1,0.5905805230140686,3.456221198156682
2026-05-08T20:27:33Z,2026-05-07,WTO,TOP_DECILE,WEAK (1/3 top-decile),WATCHLIST,Top decile but weak model agreement,1.01,0.542405903339386,413,8.651026392961876,3,1,1,0.6536597609519958,4.545454545454546
2026-05-08T20:27:33Z,2026-05-07,AMD,TOP_DECILE,STRONG (2/3 top-decile),WATCHLIST,Top decile with 2/3 model agreement,408.46,0.5422704219818115,414,8.67197318810222,3,2,1,0.6376802921295166,2.5764558022622537
2026-05-08T20:27:33Z,2026-05-07,CLX,TOP_DECILE,WEAK (1/3 top-decile),WATCHLIST,Top decile but weak model agreement,92.11,0.5421587030092875,415,8.692919983242565,3,1,1,0.6833510398864746,1.5291160452450776
2026-05-08T20:27:33Z,2026-05-07,BMEA,TOP_DECILE,WEAK (1/3 top-decile),WATCHLIST,Top decile but weak model agreement,1.63,0.5420811971028646,416,8.713866778382908,3,1,0,0.6421588063240051,6.640134059488898
2026-05-08T20:27:33Z,2026-05-07,DVN,TOP_DECILE,WEAK (1/3 top-decile),WATCHLIST,Top decile but weak model agreement,45.31,0.5419988334178925,417,8.734813573523251,3,1,0,0.6115262508392334,8.127356514453288
2026-05-08T20:27:33Z,2026-05-07,NNBR,TOP_DECILE,STRONG (2/3 top-decile),WATCHLIST,Top decile with 2/3 model agreement,2.76,0.5418020288149515,418,8.755760368663594,3,2,0,0.6294648051261902,9.216589861751151
2026-05-08T20:27:33Z,2026-05-07,CVV,TOP_DECILE,STRONG (2/3 top-decile),WATCHLIST,Top decile with 2/3 model agreement,6.98,0.5417999525864919,419,8.776707163803938,3,2,0,0.6277636885643005,7.561793045664014
2026-05-08T20:27:33Z,2026-05-07,SSM,TOP_DECILE,WEAK (1/3 top-decile),WATCHLIST,Top decile but weak model agreement,4.85,0.5417357881863912,420,8.79765395894428,3,1,1,0.6578609943389893,4.084625052366988
2026-05-08T20:27:33Z,2026-05-07,ALLO,TOP_DECILE,WEAK (1/3 top-decile),WATCHLIST,Top decile but weak model agreement,2.27,0.5417242646217346,421,8.818600754084626,3,1,0,0.642104983329773,6.661080854629242
2026-05-08T20:27:33Z,2026-05-07,CSTL,TOP_DECILE,WEAK (1/3 top-decile),WATCHLIST,Top decile but weak model agreement,19.24,0.541642963886261,422,8.839547549224969,3,1,1,0.6883072257041931,1.550062840385421
2026-05-08T20:27:33Z,2026-05-07,OEC,TOP_DECILE,WEAK (1/3 top-decile),WATCHLIST,Top decile but weak model agreement,7.16,0.5415080189704895,423,8.860494344365312,3,1,0,0.6521066427230835,5.090071219103478
2026-05-08T20:27:33Z,2026-05-07,NEOV,TOP_DECILE,STRONG (2/3 top-decile),WATCHLIST,Top decile with 2/3 model agreement,2.48,0.5414703587690989,424,8.881441139505656,3,2,0,0.6466436982154846,5.320485965647256
2026-05-08T20:27:33Z,2026-05-07,ORKA,TOP_DECILE,WEAK (0/3 top-decile),WATCHLIST,Top decile but weak model agreement,64.07,0.5412592391173044,425,8.902387934645999,3,0,0,0.6166220903396606,11.059907834101383
2026-05-08T20:27:33Z,2026-05-07,BFLY,TOP_DECILE,WEAK (1/3 top-decile),WATCHLIST,Top decile but weak model agreement,4.24,0.5412045021851858,426,8.923334729786342,3,1,0,0.6359819173812866,7.436112274821952
2026-05-08T20:27:33Z,2026-05-07,NOW,TOP_DECILE,WEAK (1/3 top-decile),WATCHLIST,Top decile but weak model agreement,93.59,0.5411948561668396,427,8.944281524926685,3,1,1,0.5444128513336182,0.9844993715961458
2026-05-08T20:27:33Z,2026-05-07,BYRN,TOP_DECILE,WEAK (1/3 top-decile),WATCHLIST,Top decile but weak model agreement,5.53,0.5411705573399862,428,8.96522832006703,3,1,1,0.6803295612335205,1.8014243820695433
2026-05-08T20:27:33Z,2026-05-07,CDXS,TOP_DECILE,WEAK (1/3 top-decile),WATCHLIST,Top decile but weak model agreement,2.58,0.5411697824796041,429,8.986175115207374,3,1,0,0.6161310076713562,9.153749476330121
2026-05-08T20:27:33Z,2026-05-07,ZTS,TOP_DECILE,WEAK (1/3 top-decile),WATCHLIST,Top decile but weak model agreement,87.31,0.5410086115201315,430,9.007121910347717,3,1,1,0.6687309741973877,3.2467532467532467
2026-05-08T20:27:33Z,2026-05-07,BTMD,TOP_DECILE,WEAK (1/3 top-decile),WATCHLIST,Top decile but weak model agreement,2.09,0.540755699078242,431,9.02806870548806,3,1,1,0.6772538423538208,2.220360284876414
2026-05-08T20:27:33Z,2026-05-07,HCHL,TOP_DECILE,STRONG (2/3 top-decile),WATCHLIST,Top decile with 2/3 model agreement,2.01,0.5407195587952932,432,9.049015500628403,3,2,1,0.6824507117271423,1.6338500209467952
2026-05-08T20:27:33Z,2026-05-07,PN,TOP_DECILE,STRONG (2/3 top-decile),WATCHLIST,Top decile with 2/3 model agreement,7.71,0.5407023429870605,433,9.069962295768747,3,2,1,0.6517632007598877,1.9689987431922915
2026-05-08T20:27:33Z,2026-05-07,POOL,TOP_DECILE,WEAK (1/3 top-decile),WATCHLIST,Top decile but weak model agreement,190.44,0.5406826635201772,434,9.090909090909092,3,1,1,0.6991813778877258,0.16757436112274823
2026-05-08T20:27:33Z,2026-05-07,AHG,TOP_DECILE,WEAK (0/3 top-decile),WATCHLIST,Top decile but weak model agreement,2.05,0.5405065715312958,435,9.111855886049435,3,0,0,0.6164026856422424,10.138248847926267
2026-05-08T20:27:33Z,2026-05-07,EVER,TOP_DECILE,WEAK (1/3 top-decile),WATCHLIST,Top decile but weak model agreement,20.6,0.5404819746812185,436,9.132802681189778,3,1,1,0.6626155376434326,3.937997486384583
2026-05-08T20:27:33Z,2026-05-07,STTK,TOP_DECILE,WEAK (1/3 top-decile),WATCHLIST,Top decile but weak model agreement,6.26,0.5404616296291351,437,9.153749476330121,3,1,1,0.6850464940071106,1.8014243820695433
2026-05-08T20:27:33Z,2026-05-07,AZTA,TOP_DECILE,WEAK (1/3 top-decile),WATCHLIST,Top decile but weak model agreement,18.57,0.5403631428877512,438,9.174696271470465,3,1,1,0.6585547924041748,3.9589442815249267
2026-05-08T20:27:33Z,2026-05-07,COIN,TOP_DECILE,WEAK (1/3 top-decile),WATCHLIST,Top decile but weak model agreement,192.96,0.540312260389328,439,9.195643066610808,3,1,1,0.6130288243293762,2.304147465437788
2026-05-08T20:27:33Z,2026-05-07,INV,TOP_DECILE,WEAK (0/3 top-decile),WATCHLIST,Top decile but weak model agreement,6.21,0.5402880311012268,440,9.216589861751151,3,0,0,0.612833559513092,10.242982823627985
2026-05-08T20:27:33Z,2026-05-07,RAYA,TOP_DECILE,WEAK (1/3 top-decile),WATCHLIST,Top decile but weak model agreement,4.48,0.5402504205703735,441,9.237536656891496,3,1,1,0.6022769808769226,3.7913699204021785
2026-05-08T20:27:33Z,2026-05-07,EFOI,TOP_DECILE,STRONG (2/3 top-decile),WATCHLIST,Top decile with 2/3 model agreement,3.84,0.540232241153717,442,9.25848345203184,3,2,1,0.6235595345497131,2.3669878508588185
2026-05-08T20:27:33Z,2026-05-07,VWAV,TOP_DECILE,WEAK (1/3 top-decile),WATCHLIST,Top decile but weak model agreement,5.84,0.5402317841847738,443,9.279430247172183,3,1,0,0.6336960792541504,7.792207792207792
2026-05-08T20:27:33Z,2026-05-07,UPB,TOP_DECILE,WEAK (1/3 top-decile),WATCHLIST,Top decile but weak model agreement,8.985,0.5401879251003265,444,9.300377042312526,3,1,0,0.6020314693450928,5.990783410138249
2026-05-08T20:27:33Z,2026-05-07,ABTS,TOP_DECILE,WEAK (1/3 top-decile),WATCHLIST,Top decile but weak model agreement,1.15,0.5401867131392161,445,9.32132383745287,3,1,0,0.6390283107757568,7.017176372015082
2026-05-08T20:27:33Z,2026-05-07,MASK,TOP_DECILE,STRONG (2/3 top-decile),WATCHLIST,Top decile with 2/3 model agreement,2.48,0.5401764710744222,446,9.342270632593213,3,2,0,0.6467182040214539,5.3623795559279435
2026-05-08T20:27:33Z,2026-05-07,RXST,TOP_DECILE,WEAK (1/3 top-decile),WATCHLIST,Top decile but weak model agreement,5.8,0.5401748617490133,447,9.363217427733558,3,1,1,0.681768536567688,2.0108923334729787
2026-05-08T20:27:33Z,2026-05-07,LICN,TOP_DECILE,STRONG (2/3 top-decile),WATCHLIST,Top decile with 2/3 model agreement,5.94,0.5401191214720408,448,9.3841642228739,3,2,0,0.6296089291572571,5.131964809384164
2026-05-08T20:27:33Z,2026-05-07,NFLX,TOP_DECILE,WEAK (1/3 top-decile),WATCHLIST,Top decile but weak model agreement,88.25,0.5401163498560587,449,9.405111018014244,3,1,1,0.6048151254653931,2.0946795140343526
2026-05-08T20:27:33Z,2026-05-07,FGNX,TOP_DECILE,WEAK (1/3 top-decile),WATCHLIST,Top decile but weak model agreement,6.3,0.5400009055932363,450,9.426057813154587,3,1,0,0.6149988770484924,9.991621281943862
2026-05-08T20:27:33Z,2026-05-07,HLLY,TOP_DECILE,WEAK (1/3 top-decile),WATCHLIST,Top decile but weak model agreement,2.53,0.5399308204650879,451,9.44700460829493,3,1,1,0.6952997446060181,1.0892333472978635
2026-05-08T20:27:33Z,2026-05-07,PBM,TOP_DECILE,WEAK (1/3 top-decile),WATCHLIST,Top decile but weak model agreement,6.02,0.5398913820584615,452,9.467951403435274,3,1,1,0.5947114825248718,1.906158357771261
2026-05-08T20:27:33Z,2026-05-07,CCCC,TOP_DECILE,WEAK (0/3 top-decile),WATCHLIST,Top decile but weak model agreement,2.98,0.5398868024349213,453,9.488898198575617,3,0,0,0.6155741810798645,11.185588604943444
2026-05-08T20:27:33Z,2026-05-07,ONDS,TOP_DECILE,WEAK (1/3 top-decile),WATCHLIST,Top decile but weak model agreement,8.89,0.5397373636563619,454,9.509844993715962,3,1,0,0.6220683455467224,9.803100125680771
2026-05-08T20:27:33Z,2026-05-07,PCT,TOP_DECILE,WEAK (1/3 top-decile),WATCHLIST,Top decile but weak model agreement,8.94,0.5395201543966929,455,9.530791788856305,3,1,0,0.6457103490829468,5.488060326770004
2026-05-08T20:27:33Z,2026-05-07,IHRT,TOP_DECILE,WEAK (1/3 top-decile),WATCHLIST,Top decile but weak model agreement,5.67,0.5395053426424662,456,9.551738583996649,3,1,0,0.638144850730896,6.849602010892333
2026-05-08T20:27:33Z,2026-05-07,AKBA,TOP_DECILE,WEAK (1/3 top-decile),WATCHLIST,Top decile but weak model agreement,1.18,0.5394841134548187,457,9.572685379136992,3,1,1,0.6818161010742188,1.9899455383326352
2026-05-08T20:27:33Z,2026-05-07,FNUC,TOP_DECILE,WEAK (1/3 top-decile),WATCHLIST,Top decile but weak model agreement,2.11,0.5393682718276978,458,9.593632174277335,3,1,0,0.6411726474761963,6.807708420611647
2026-05-08T20:27:33Z,2026-05-07,LEE,TOP_DECILE,WEAK (1/3 top-decile),WATCHLIST,Top decile but weak model agreement,8.0,0.5391678909460703,459,9.614578969417678,3,1,0,0.6319206357002258,8.651026392961876
2026-05-08T20:27:33Z,2026-05-07,ZDAI,TOP_DECILE,WEAK (1/3 top-decile),WATCHLIST,Top decile but weak model agreement,2.2,0.538968950510025,460,9.635525764558023,3,1,0,0.6459401845932007,5.40427314620863
2026-05-08T20:27:33Z,2026-05-07,SDA,TOP_DECILE,WEAK (1/3 top-decile),WATCHLIST,Top decile but weak model agreement,1.07,0.538966049750646,461,9.656472559698367,3,1,1,0.700889527797699,0.9007121910347716
2026-05-08T20:27:33Z,2026-05-07,FCEL,TOP_DECILE,WEAK (1/3 top-decile),WATCHLIST,Top decile but weak model agreement,12.28,0.5389635761578878,462,9.67741935483871,3,1,0,0.6070566177368164,6.9752827817343945
2026-05-08T20:27:33Z,2026-05-07,GRAN,TOP_DECILE,STRONG (2/3 top-decile),WATCHLIST,Top decile with 2/3 model agreement,1.01,0.5388761858145396,463,9.698366149979053,3,2,0,0.6487152576446533,5.152911604524507
2026-05-08T20:27:33Z,2026-05-07,FTCI,TOP_DECILE,WEAK (1/3 top-decile),WATCHLIST,Top decile but weak model agreement,4.27,0.5388388534386953,464,9.719312945119396,3,1,0,0.6000782251358032,7.331378299120234
2026-05-08T20:27:33Z,2026-05-07,FRMM,TOP_DECILE,VERY STRONG (2/3 top-decile),WATCHLIST,Top decile with 2/3 model agreement,4.78,0.5388016998767853,465,9.74025974025974,3,2,2,0.6637714505195618,3.812316715542522
2026-05-08T20:27:33Z,2026-05-07,IPGP,TOP_DECILE,WEAK (1/3 top-decile),WATCHLIST,Top decile but weak model agreement,101.53,0.5386821826299032,466,9.761206535400083,3,1,1,0.6565780639648438,4.231252618349393
2026-05-08T20:27:33Z,2026-05-07,NAMM,TOP_DECILE,WEAK (1/3 top-decile),WATCHLIST,Top decile but weak model agreement,1.74,0.5386716425418854,467,9.782153330540428,3,1,1,0.6565166711807251,4.27314620863008
2026-05-08T20:27:33Z,2026-05-07,VG,TOP_DECILE,WEAK (1/3 top-decile),WATCHLIST,Top decile but weak model agreement,11.69,0.5385347108046213,468,9.803100125680771,3,1,1,0.726786196231842,0.2304147465437788
2026-05-08T20:27:33Z,2026-05-07,TROX,TOP_DECILE,WEAK (1/3 top-decile),WATCHLIST,Top decile but weak model agreement,8.42,0.5384319921334585,469,9.824046920821115,3,1,1,0.6540091037750244,4.524507750314202
2026-05-08T20:27:33Z,2026-05-07,BLND,TOP_DECILE,WEAK (1/3 top-decile),WATCHLIST,Top decile but weak model agreement,1.62,0.5384150644143423,470,9.844993715961458,3,1,1,0.662249743938446,3.9589442815249267
2026-05-08T20:27:33Z,2026-05-07,OPTU,TOP_DECILE,WEAK (1/3 top-decile),WATCHLIST,Top decile but weak model agreement,1.18,0.5383692880471548,471,9.865940511101801,3,1,1,0.6720474362373352,2.702136573104315
2026-05-08T20:27:33Z,2026-05-07,LPTH,TOP_DECILE,WEAK (1/3 top-decile),WATCHLIST,Top decile but weak model agreement,12.03,0.53836922844251,472,9.886887306242144,3,1,0,0.6308738589286804,8.923334729786342
2026-05-08T20:27:33Z,2026-05-07,BMBL,TOP_DECILE,WEAK (1/3 top-decile),WATCHLIST,Top decile but weak model agreement,3.46,0.5382247765858968,473,9.90783410138249,3,1,0,0.6330999135971069,8.273984080435694
2026-05-08T20:27:33Z,2026-05-07,CVX,TOP_DECILE,WEAK (1/3 top-decile),WATCHLIST,Top decile but weak model agreement,182.5,0.538103719552358,474,9.928780896522833,3,1,1,0.574381947517395,2.0527859237536656
2026-05-08T20:27:33Z,2026-05-07,ZIP,TOP_DECILE,STRONG (2/3 top-decile),WATCHLIST,Top decile with 2/3 model agreement,3.1,0.5379940470059713,475,9.949727691663176,3,2,0,0.627423882484436,8.420611646418099
2026-05-08T20:27:33Z,2026-05-07,ACVA,TOP_DECILE,WEAK (1/3 top-decile),WATCHLIST,Top decile but weak model agreement,6.5,0.5379123489061991,476,9.970674486803519,3,1,0,0.6315321922302246,8.755760368663594
2026-05-08T20:27:33Z,2026-05-07,YI,TOP_DECILE,STRONG (2/3 top-decile),WATCHLIST,Top decile with 2/3 model agreement,5.58,0.5379054347674052,477,9.991621281943862,3,2,0,0.650542676448822,5.006284038542103
